K_p,K_i,K_d,total,tracking,overshoot_cost,control,omega_final,omega_max,omega_min,omega_abs_max,overshoot,overshoot_percent,settling_time,steady_state_error,steady_state_error_percent,voltage_max_abs,saturation_fraction,saturation_percent,valid,constraint_stable,constraint_overshoot,constraint_steady_state_error,constraint_settling_time,constraint_saturation,feasible,objective,penalized,trial,feasible_best_so_far
1.2061428631227524,2.036074539132183,0.008585979199113825,0.03803648469993072,0.00014898515096165116,0.0,0.2529806240623582,12.5999959906531,12.5999959906531,0.0013940249450132166,12.5999959906531,0.0,0.0,1.939,6.821033637034845e-07,6.821033637034844e-05,12.0,0.0052994700529947,0.52994700529947,True,True,True,True,True,True,True,0.03803648469993072,False,1,0.03803648469993072
1.106578437777173,0.8296207176067734,0.00975622351636756,0.03605024053796396,0.0007613916306623862,0.0,0.23728937039711023,12.585156867357927,12.585156867357927,0.0013940249450132166,12.585156867357927,0.0,0.0,4.877,0.0015729511204463722,0.15729511204463723,12.0,0.0037996200379962005,0.37996200379962003,True,True,True,True,False,True,False,1000000.0,True,2,0.03803648469993072
1.189481612587459,3.2512250684693385,0.0012811363267554588,0.038645516964568825,7.796776222009754e-05,0.0,0.25732490871491176,12.59999999987439,12.59999999987439,0.0013940249450132166,12.59999999987439,0.0,0.0,1.121,4.20057639465605e-11,4.20057639465605e-09,12.0,0.005699430056994301,0.5699430056994301,True,True,True,True,True,True,True,0.038645516964568825,False,3,0.03803648469993072
0.7855017192642373,1.7977930848140344,0.009267649888486018,0.03794892405799974,0.000140293532861818,0.0,0.25243165292188435,12.599999936112056,12.599999936112056,0.001152390917381884,12.599999936112056,0.0,0.0,1.494,1.4094783893817351e-08,1.4094783893817352e-06,9.931038816102452,0.0,0.0,True,True,True,True,True,True,True,0.03794892405799974,False,4,0.03794892405799974
1.037024656104864,3.379665646447905,0.004434141988273311,0.03883718996387983,6.323899698292376e-05,0.0,0.25866164377126716,12.599999999999806,12.599999999999806,0.0013940249450132166,12.599999999999806,0.0,0.0,0.792,8.924078407463164e-14,8.924078407463163e-12,12.0,0.0033996600339966003,0.33996600339966004,True,True,True,True,True,True,True,0.03883718996387983,False,5,0.03794892405799974
0.49541033832021,2.4410467545554217,0.0006381725610417532,0.03853330299373065,0.00012570868118238357,0.0005129770099827026,0.255530890216837,12.5999999999999,12.88537734686701,0.0007287181121887836,12.88537734686701,0.022648995783096048,2.264899578309605,0.932,7.894919286223336e-15,7.894919286223336e-13,7.4040118698507555,0.0,0.0,True,True,True,True,True,True,True,0.03853330299373065,False,6,0.03794892405799974
1.2759205235903568,2.710825396927227,0.007580877400853739,0.03841124596713069,0.00010112831469456934,0.0,0.25567045985542636,12.599999950697313,12.599999950697313,0.0013940249450132166,12.599999950697313,0.0,0.0,1.467,1.1052047601615703e-08,1.1052047601615702e-06,12.0,0.006199380061993801,0.6199380061993801,True,True,True,True,True,True,True,0.03841124596713069,False,7,0.03794892405799974
0.6608837585688289,3.8974430853821613,0.008931211213221976,0.04067998067230143,8.186413469730968e-05,0.006153572610820615,0.26061646025851926,12.600000000000104,13.588403352733023,0.0009730576569859231,13.588403352733023,0.07844471053436691,7.844471053436691,0.902,8.599822793921848e-15,8.599822793921849e-13,9.345053158467437,0.0,0.0,True,True,True,True,True,True,True,0.04067998067230143,False,8,0.03794892405799974
1.2118985461958904,1.1812354774818865,0.004667210037270342,0.03697357662211457,0.0004065497315907504,0.0,0.24486431188773414,12.597934591829329,12.597934591829329,0.0013940249450132166,12.597934591829329,0.0,0.0,3.567,0.0002436983223002503,0.02436983223002503,12.0,0.005699430056994301,0.5699430056994301,True,True,True,True,False,True,False,1000000.0,True,9,0.03794892405799974
0.25694489552339744,1.0400132222364173,0.006830489532424547,0.036767546958508694,0.0005484774035393443,8.410872884103971e-11,0.24292306996905272,12.599999999987226,12.600115555622065,0.0003776192681397905,12.600115555622065,9.171081116261033e-06,0.0009171081116261032,1.55,4.536054072039925e-12,4.536054072039925e-10,6.000142103397284,0.0,0.0,True,True,True,True,True,True,True,0.036767546958508694,False,10,0.036767546958508694
1.1681908026801624,3.886284063519735,0.0032582535813815193,0.0388582954071914,6.247419931833618e-05,0.0,0.25880540591733603,12.59999999999989,12.59999999999989,0.0013940249450132166,12.59999999999989,0.0,0.0,0.835,4.08844034465137e-14,4.08844034465137e-12,12.0,0.0053994600539946005,0.53994600539946,True,True,True,True,True,True,True,0.0388582954071914,False,11,0.036767546958508694
0.6815976178453296,2.1434453394653277,0.001894713590842857,0.03822822950600655,0.00011221127267001396,0.0,0.254406018282697,12.599999999989931,12.599999999989931,0.001000809702909935,12.599999999989931,0.0,0.0,0.971,3.9656461536102895e-12,3.9656461536102893e-10,8.879292988610976,0.0,0.0,True,True,True,True,True,True,True,0.03822822950600655,False,12,0.036767546958508694
0.36889795693611316,2.164967241790768,0.0022690934905088412,0.038641913444027245,0.00018097595579054154,0.0016388443200147326,0.25415744527032824,12.599999999999964,13.110081291801158,0.000543134521097223,13.110081291801158,0.040482642206441176,4.048264220644118,1.214,2.7491236800241972e-14,2.7491236800241973e-12,6.968846199471192,0.0,0.0,True,True,True,True,True,True,True,0.038641913444027245,False,13,0.036767546958508694
1.0707581930872634,2.0300317160531574,0.008326781960578374,0.03810534691024166,0.00013268948614199424,0.0,0.25350488812370975,12.59999916934857,12.59999916934857,0.0013940249450132166,12.59999916934857,0.0,0.0,1.737,1.5568505750887574e-07,1.5568505750887574e-05,12.0,0.0033996600339966003,0.33996600339966004,True,True,True,True,True,True,True,0.03810534691024166,False,14,0.036767546958508694
1.1103446326029238,1.5932832448371437,0.00832259801395201,0.03765493881143118,0.0002125651951800657,0.0,0.25018266462882094,12.599948900871242,12.599948900871242,0.0013940249450132166,12.599948900871242,0.0,0.0,2.395,7.468782729634968e-06,0.0007468782729634968,12.0,0.0040995900409959,0.40995900409959,True,True,True,True,False,True,False,1000000.0,True,15,0.036767546958508694
1.2461936647458425,1.8561743266056105,0.002883281039302441,0.0378689459643651,0.00018349449589051298,0.0,0.251725661778872,12.599975788112884,12.599975788112884,0.0013940249450132166,12.599975788112884,0.0,0.0,2.24,3.697924432134053e-06,0.0003697924432134053,12.0,0.006199380061993801,0.6199380061993801,True,True,True,True,False,True,False,1000000.0,True,16,0.036767546958508694
1.087244155167468,0.9891336926325843,0.0019990820247510832,0.036556550262189555,0.0005460284526879306,0.0,0.24152622127051196,12.59544971553641,12.59544971553641,0.0013940249450132166,12.59544971553641,0.0,0.0,4.038,0.000515287369930618,0.05152873699306179,12.0,0.004199580041995801,0.41995800419958007,True,True,True,True,False,True,False,1000000.0,True,17,0.036767546958508694
0.20957095067630718,3.254235321257484,0.006648508565920322,0.05110300148076286,0.0002814578497164085,0.047715872176213876,0.2600343915125303,12.599999998147018,15.352339344393368,0.0003115177991180668,15.352339344393368,0.21843963050741017,21.843963050741017,1.631,3.15711760085905e-10,3.15711760085905e-08,9.0897063294992,0.0,0.0,True,True,False,True,True,True,False,1000000.0,True,18,0.036767546958508694
1.1167149922142356,3.2325516085768875,0.0045891577553834,0.03869738289097623,7.252959482575158e-05,0.0,0.2576924342272052,12.599999999982202,12.599999999982202,0.0013940249450132166,12.599999999982202,0.0,0.0,1.008,6.769470345831891e-12,6.769470345831891e-10,12.0,0.0044995500449955,0.44995500449955,True,True,True,True,True,True,True,0.03869738289097623,False,19,0.036767546958508694
0.9393635547387619,0.9892894934468011,0.0011453007353597344,0.036707779817115566,0.0004595000675043128,0.0,0.24288053184408653,12.597961654595801,12.597961654595801,0.0013764190880725174,12.597961654595801,0.0,0.0,3.618,0.00024158940778365136,0.024158940778365137,11.867700475807284,0.0,0.0,True,True,True,True,False,True,False,1000000.0,True,20,0.036767546958508694
1.0689238503276133,2.148836721500964,0.005652361064811888,0.03819034001676257,0.000122346922574374,0.0,0.25411287908811964,12.599999701827633,12.599999701827633,0.0013940249450132166,12.599999701827633,0.0,0.0,1.633,5.963117618737865e-08,5.963117618737865e-06,12.0,0.0035996400359964,0.35996400359964004,True,True,True,True,True,True,True,0.03819034001676257,False,21,0.036767546958508694
1.1944985146408333,2.721514120002068,0.005535794006579958,0.03844432748195018,9.621947693419902e-05,0.0,0.25591063863859775,12.599999986337119,12.599999986337119,0.0013940249450132166,12.599999986337119,0.0,0.0,1.377,3.331637752275749e-09,3.3316377522757487e-07,12.0,0.0053994600539946005,0.53994600539946,True,True,True,True,True,True,True,0.03844432748195018,False,22,0.036767546958508694
0.9269693089690376,1.5638253432191427,0.00030817834567939406,0.03781342261964458,0.0001735816617265813,0.0,0.2513951574840575,12.599989170801013,12.599989170801013,0.0013591182690777229,12.599989170801013,0.0,0.0,2.088,1.7341185664152124e-06,0.00017341185664152125,11.776179267999167,0.0,0.0,True,True,True,True,False,True,False,1000000.0,True,23,0.036767546958508694
0.767732606002071,1.2510463548683521,0.004085286437246362,0.037177244153318634,0.0002825745600021637,0.0,0.24671799611544892,12.599959495872202,12.599959495872202,0.001125581513377592,12.599959495872202,0.0,0.0,2.446,6.056508660798101e-06,0.0006056508660798101,9.708348978242146,0.0,0.0,True,True,True,True,False,True,False,1000000.0,True,24,0.036767546958508694
1.309423995248616,1.3187882005286926,0.0005830274168906602,0.0372049888983981,0.0003489816073992883,0.0,0.24663733289305684,12.598648575806168,12.598648575806168,0.0013940249450132166,12.598648575806168,0.0,0.0,3.352,0.00016305200041741958,0.01630520004174196,12.0,0.007099290070992901,0.7099290070992901,True,True,True,True,False,True,False,1000000.0,True,25,0.036767546958508694
0.5657990596285956,1.5275781521833927,0.00661916514726895,0.03753636729893469,0.00021251105903065826,0.0,0.24939240442344196,12.599999989925495,12.599999989925495,0.0008304108592887275,12.599999989925495,0.0,0.0,1.488,2.556558985675327e-09,2.5565589856753267e-07,7.217100408255088,0.0,0.0,True,True,True,True,True,True,True,0.03753636729893469,False,26,0.036767546958508694
0.9241417980436619,3.243643731872447,0.006643135403273876,0.03901386397063787,5.6371705060619425e-05,0.0,0.25986693965067664,12.59999999999989,12.59999999999989,0.0013574383614510565,12.59999999999989,0.0,0.0,0.463,8.881784197001252e-15,8.881784197001252e-13,11.838486424958289,0.0,0.0,True,True,True,True,True,True,True,0.03901386397063787,False,27,0.036767546958508694
0.7283029198720917,3.3490713463311215,0.0016697291990770391,0.03910436749403652,6.930878519905815e-05,0.0005889965855160582,0.2594368871769205,12.59999999999989,12.90579257335084,0.0010709381831684258,12.90579257335084,0.02426925185324134,2.426925185324134,0.727,8.881784197001252e-15,8.881784197001252e-13,9.895508666234164,0.0,0.0,True,True,True,True,True,True,True,0.03910436749403652,False,28,0.036767546958508694
0.22952569507401863,0.8151675127147462,0.007223593505964503,0.03613971437834853,0.0008522267507627217,0.0,0.23752252218593933,12.599999809985437,12.599999809985437,0.00033715595371685615,12.599999809985437,0.0,0.0,2.193,4.2471043542716887e-08,4.247104354271689e-06,5.999935265628695,0.0,0.0,True,True,True,True,False,True,False,1000000.0,True,29,0.036767546958508694
0.8004403993268037,1.0644512266176063,0.005010447751033636,0.036785392144728285,0.00039410500826003383,0.0,0.24365952759848178,12.599611003705418,12.599611003705418,0.0011731836429815874,12.599611003705418,0.0,0.0,3.04,5.09448677963602e-05,0.00509448677963602,10.105554714702524,0.0,0.0,True,True,True,True,False,True,False,1000000.0,True,30,0.036767546958508694
0.398005733527119,2.937121312772076,0.004461562755740307,0.04097051872261423,0.00014961096517065043,0.008913310551717997,0.2576828300372156,12.599999999999934,13.789570167409535,0.0005868705582302023,13.789570167409535,0.09441033074678849,9.441033074678849,1.096,4.271715256652983e-14,4.271715256652983e-12,7.977778263689354,0.0,0.0,True,True,True,True,True,True,True,0.04097051872261423,False,31,0.036767546958508694
0.6953275939254272,1.555292312017568,0.006302825931188884,0.03761837701331774,0.00018941234069473918,0.0,0.250031530726006,12.599999726425029,12.599999726425029,0.0010200457335261958,12.599999726425029,0.0,0.0,1.707,5.558174618970822e-08,5.558174618970822e-06,8.808991747170603,0.0,0.0,True,True,True,True,True,True,True,0.03761837701331774,False,32,0.036767546958508694
0.6703563937194076,0.8067747176063536,0.001180059021205153,0.035916825935255345,0.0007189278440374563,0.0,0.2365697948588858,12.597899717323594,12.597899717323594,0.00098239910892407,12.597899717323594,0.0,0.0,3.837,0.0002520371016443177,0.025203710164431768,8.483720613857974,0.0,0.0,True,True,True,True,False,True,False,1000000.0,True,33,0.036767546958508694
1.450466963914369,3.6800324174766246,0.006997071338107496,0.03869812091806022,7.584770352473521e-05,0.0,0.2576840819729692,12.599999999563687,12.599999999563687,0.0013940249450132166,12.599999999563687,0.0,0.0,1.165,1.3365224271226562e-10,1.3365224271226562e-08,12.0,0.007899210078992101,0.7899210078992102,True,True,True,True,True,True,True,0.03869812091806022,False,34,0.036767546958508694
0.5456309498973755,3.8921173207170336,0.007787509039657946,0.0422287033585451,0.00010473917856781268,0.01234893081567943,0.2605241809832304,12.599999999999902,14.000184365109561,0.0008043513067403052,14.000184365109561,0.11112574326266363,11.112574326266362,0.932,7.61295788314393e-15,7.61295788314393e-13,9.004693918684904,0.0,0.0,True,True,False,True,True,True,False,1000000.0,True,35,0.036767546958508694
1.1319572459066942,2.0727652575032605,0.0027224156184515905,0.03809181933604839,0.00014040287236933123,0.0,0.2533838507508453,12.599998532298962,12.599998532298962,0.0013940249450132166,12.599998532298962,0.0,0.0,1.826,2.6618043881917797e-07,2.66180438819178e-05,12.0,0.004899510048995101,0.48995100489951005,True,True,True,True,True,True,True,0.03809181933604839,False,36,0.036767546958508694
0.3253082507995491,3.659108387903446,0.004557762898336111,0.04750173457179972,0.00018608713504176505,0.03327328523041368,0.26047840655447496,12.60000000001463,14.898361756377893,0.00048151814004255314,14.898361756377893,0.18240966320459473,18.240966320459474,1.434,2.8518986114466404e-12,2.8518986114466403e-10,9.124711403136866,0.0,0.0,True,True,False,True,True,True,False,1000000.0,True,37,0.036767546958508694
0.46307237423379943,1.5708481845272837,0.005792195689418959,0.03759120649081827,0.00022428059043082683,0.0,0.24971092091039848,12.599999999996012,12.599999999996012,0.0006801104547115951,12.599999999996012,0.0,0.0,1.159,1.7422395096276426e-12,1.7422395096276426e-10,6.140424909985017,0.0,0.0,True,True,True,True,True,True,True,0.03759120649081827,False,38,0.036767546958508694
0.42980461782100127,3.498149994323314,0.007585195298352101,0.04304775197962623,0.0001401354778213812,0.016135420899084228,0.25953210312108227,12.600000000000058,14.200518485347361,0.000634236610431724,14.200518485347361,0.12702527661486995,12.702527661486995,1.0070000000000001,1.1701398227795302e-14,1.1701398227795302e-12,8.608702713630617,0.0,0.0,True,True,False,True,True,True,False,1000000.0,True,39,0.036767546958508694
1.1353018427362178,2.012325639212863,0.006273088407024432,0.03804667007285431,0.00014542590628720752,0.0,0.25306276352721324,12.599997677566014,12.599997677566014,0.0013940249450132166,12.599997677566014,0.0,0.0,1.875,4.09007728003579e-07,4.09007728003579e-05,12.0,0.0045995400459954,0.45995400459954,True,True,True,True,True,True,True,0.03804667007285431,False,40,0.036767546958508694
0.9593273595865562,2.77446310544187,0.0008444432113988909,0.038725251823158224,6.94237076246841e-05,0.0,0.2578906506572228,12.59999999996397,12.59999999996397,0.0013940249450132166,12.59999999996397,0.0,0.0,0.9560000000000001,1.285335154007621e-11,1.285335154007621e-09,12.0,0.0026997300269973002,0.26997300269973,True,True,True,True,True,True,True,0.038725251823158224,False,41,0.036767546958508694
0.7405496228217926,0.6456496085166237,0.00493990819244519,0.0351936930062676,0.001147450542489848,0.0,0.23003481787182464,12.584063682189383,12.584063682189383,0.0010849069338384038,12.584063682189383,0.0,0.0,5.147,0.0017036593645566294,0.17036593645566295,9.341032149148306,0.0,0.0,True,True,True,True,False,True,False,1000000.0,True,42,0.036767546958508694
0.628819576032621,1.0058346610311641,0.0010340296772255164,0.03655279967765045,0.00045566360539791775,0.0,0.24186267676274467,12.599855442351258,12.599855442351258,0.000921891950185652,12.599855442351258,0.0,0.0,2.87,2.026058337228116e-05,0.002026058337228116,7.994478884368946,0.0,0.0,True,True,True,True,False,True,False,1000000.0,True,43,0.036767546958508694
0.9639379438310257,1.0970753898791012,0.009251201183767972,0.03693145057767447,0.0003765810639355565,0.0,0.24470334626208756,12.599081708327994,12.599081708327994,0.0013940249450132166,12.599081708327994,0.0,0.0,3.255,0.0001137193941532407,0.01137193941532407,12.0,0.0010998900109989002,0.10998900109989002,True,True,True,True,False,True,False,1000000.0,True,44,0.036767546958508694
0.9553794816105134,1.7140443158719298,0.005909154914814168,0.03796275121989853,0.00014826646252207918,0.0,0.25249194228256855,12.599996728018972,12.599996728018972,0.0013940249450132166,12.599996728018972,0.0,0.0,1.8860000000000001,5.621416593590939e-07,5.621416593590939e-05,12.0,0.0013998600139986002,0.13998600139986,True,True,True,True,True,True,True,0.03796275121989853,False,45,0.036767546958508694
0.22964503233860675,3.8549572463450588,0.0048230343694290025,0.055343824557998245,0.000265495643330445,0.06356717760254837,0.2619515518090859,12.59999999828939,15.776779047428477,0.0003417800506488365,15.776779047428477,0.2521253212244823,25.212532122448227,1.497,1.4586399107963463e-10,1.4586399107963462e-08,9.792344018303256,0.0,0.0,True,True,False,True,True,True,False,1000000.0,True,46,0.036767546958508694
1.2175557954253722,0.7895549997285349,0.004866583308381604,0.0358800600067398,0.000894258365389191,0.0,0.2356233665833753,12.57224319724688,12.57224319724688,0.0013940249450132166,12.57224319724688,0.0,0.0,5.463,0.002836958681752002,0.2836958681752002,12.0,0.005699430056994301,0.5699430056994301,True,True,True,True,False,True,False,1000000.0,True,47,0.036767546958508694
0.8379190926608773,3.7823925924124397,0.005717280523760754,0.03939336494515552,5.763039935801501e-05,0.0008663316085295976,0.26094802535605544,12.599999999999973,12.970862246892507,0.001232020510032648,12.970862246892507,0.029433511658135486,2.9433511658135485,0.716,2.3966719261749413e-15,2.3966719261749414e-13,11.026763984668595,0.0,0.0,True,True,True,True,True,True,True,0.03939336494515552,False,48,0.036767546958508694
0.81553622137404,1.4344148208216274,0.0033156899734255217,0.03752601597953377,0.0002116111434325934,0.0,0.2493269952898281,12.599989994144913,12.599989994144913,0.0011958213185089023,12.599989994144913,0.0,0.0,2.1390000000000002,1.6199720017633509e-06,0.00016199720017633508,10.328479617517074,0.0,0.0,True,True,True,True,False,True,False,1000000.0,True,49,0.036767546958508694
0.8768741232129992,2.0361901110676635,0.00021612079880330428,0.038274122538190326,0.0001057783211024389,0.0,0.2547377036368591,12.599999965517606,12.599999965517606,0.0012864840462632875,12.599999965517606,0.0,0.0,1.4000000000000001,7.86786635842418e-09,7.86786635842418e-07,11.23142319114824,0.0,0.0,True,True,True,True,True,True,True,0.038274122538190326,False,50,0.036767546958508694
1.2741795014526651,3.6365627014391837,0.0014024908899861078,0.038730969485157474,7.209832933735231e-05,0.0,0.25791806991703375,12.59999999997489,12.59999999997489,0.0013940249450132166,12.59999999997489,0.0,0.0,1.054,9.388186876931863e-12,9.388186876931862e-10,12.0,0.0066993300669933005,0.6699330066993301,True,True,True,True,True,True,True,0.038730969485157474,False,51,0.036767546958508694
0.9202469866007642,0.8800150939740524,0.006722400930398117,0.03632337902875916,0.000588710296738398,0.0,0.23980101900477413,12.59549730816841,12.59549730816841,0.0013482777187820813,12.59549730816841,0.0,0.0,4.063,0.000511193963079607,0.0511193963079607,11.606982813134051,0.0,0.0,True,True,True,True,False,True,False,1000000.0,True,52,0.036767546958508694
0.5656039189907108,2.807979221421656,0.007269946142868826,0.03895379085126095,0.00010661593779314209,0.0012890433708607025,0.2571170696391326,12.60000000000021,13.052380951807041,0.0008319993834075273,13.052380951807041,0.03590325014341602,3.590325014341602,0.99,1.691768418476429e-14,1.691768418476429e-12,7.920772578473954,0.0,0.0,True,True,True,True,True,True,True,0.03895379085126095,False,53,0.036767546958508694
1.1992417394929542,0.877093310845638,0.009160118451376079,0.036191239377065344,0.0007116858984877839,0.0,0.2384281855864845,12.585334174453536,12.585334174453536,0.0013940249450132166,12.585334174453536,0.0,0.0,4.831,0.001551952196182878,0.1551952196182878,12.0,0.0051994800519948,0.51994800519948,True,True,True,True,False,True,False,1000000.0,True,54,0.036767546958508694
0.49927818816334507,0.6309439466166292,0.005548524693914834,0.03506868754936158,0.0012262088380217168,0.0,0.2288864149769903,12.595635235481717,12.595635235481717,0.0007317300904212538,12.595635235481717,0.0,0.0,4.398,0.0005084650379368876,0.05084650379368876,6.302379137282459,0.0,0.0,True,True,True,True,False,True,False,1000000.0,True,55,0.036767546958508694
0.6821989690211704,3.404264100963446,0.008082514720643018,0.03943900597570325,7.952833422362275e-05,0.00196690179648687,0.2593304235069824,12.600000000000055,13.158807059019708,0.0010035354098216643,13.158807059019708,0.04434976658886572,4.434976658886572,0.897,4.2294210461910725e-15,4.2294210461910727e-13,9.194569669945958,0.0,0.0,True,True,True,True,True,True,True,0.03943900597570325,False,56,0.036767546958508694
0.61228056066953,3.8351478827441072,0.0029091783814011864,0.04078314898406091,8.486620615574293e-05,0.006640179587719469,0.260481229089584,12.599999999999984,13.626739943387001,0.0009018247000731808,13.626739943387001,0.08148729709420646,8.148729709420646,0.893,1.1278456123176193e-15,1.1278456123176192e-13,9.28794042480681,0.0,0.0,True,True,True,True,True,True,True,0.04078314898406091,False,57,0.036767546958508694
0.869574268001229,1.3958778169866095,0.009360435700489634,0.037484016179722156,0.00022132504842099364,0.0,0.24900814100446372,12.59997432163576,12.59997432163576,0.0012748618151140105,12.59997432163576,0.0,0.0,2.277,3.917504481092369e-06,0.0003917504481092369,10.978768269175156,0.0,0.0,True,True,True,True,False,True,False,1000000.0,True,58,0.036767546958508694
0.4139901628566236,0.6571871678731515,0.0043509706000303796,0.03524423073054582,0.0011484692139839695,0.0,0.23036766134770295,12.598668393393233,12.598668393393233,0.0006069301867836638,12.598668393393233,0.0,0.0,3.866,0.00016701982951494368,0.016701982951494367,5.999457778561138,0.0,0.0,True,True,True,True,False,True,False,1000000.0,True,59,0.036767546958508694
1.4900882332725882,3.620870431892199,0.0074860801945694925,0.038674973324412124,7.824551007889025e-05,0.0,0.2575201734557653,12.599999998738907,12.599999998738907,0.0013940249450132166,12.599999998738907,0.0,0.0,1.216,3.5936897197030155e-10,3.5936897197030157e-08,12.0,0.0081991800819918,0.81991800819918,True,True,True,True,True,True,True,0.038674973324412124,False,60,0.036767546958508694
1.3580302381420823,3.627063238942521,0.005188583603864491,0.03870467068168336,7.453315113869848e-05,0.0,0.25773300527333426,12.599999999868112,12.599999999868112,0.0013940249450132166,12.599999999868112,0.0,0.0,1.116,4.389490534719251e-11,4.389490534719251e-09,12.0,0.0071992800719928,0.7199280071992801,True,True,True,True,True,True,True,0.03870467068168336,False,61,0.036767546958508694
0.610707767380031,3.202043512388458,0.006616612631677611,0.039420551715037666,9.16293342903138e-05,0.0023155642873184893,0.2585778869508924,12.600000000000028,13.206315912915604,0.0008985958698909981,13.206315912915604,0.04812031054885753,4.812031054885753,0.9520000000000001,1.973729821555834e-15,1.973729821555834e-13,8.566315844653182,0.0,0.0,True,True,True,True,True,True,True,0.039420551715037666,False,62,0.036767546958508694
0.6857550475358232,0.8306333382153035,0.0074678961134902605,0.036000681758568284,0.000672629321763977,0.0,0.23731402777006597,12.598260635822644,12.598260635822644,0.001004973444328658,12.598260635822644,0.0,0.0,3.73,0.00021071085109061264,0.021071085109061263,8.653250521418808,0.0,0.0,True,True,True,True,False,True,False,1000000.0,True,63,0.036767546958508694
0.5411986706997242,3.7788460268682273,0.0024097057500568476,0.04156945626788074,9.930633466462354e-05,0.00987114812891555,0.26028056956568724,12.600000000000104,13.85185601286515,0.0007976978654276386,13.85185601286515,0.09935365181469451,9.93536518146945,0.92,8.599822793921848e-15,8.599822793921849e-13,9.017004148167233,0.0,0.0,True,True,True,True,True,True,True,0.04156945626788074,False,64,0.036767546958508694
0.35958531213493183,3.4088943524371715,0.0015328431662449404,0.044159509097229294,0.00015981217404658718,0.020561947874691733,0.2594875654941894,12.599999999999248,14.406769173022957,0.0005313241276756044,14.406769173022957,0.14339437881134579,14.339437881134579,1.0050000000000001,2.5348330136838497e-13,2.5348330136838496e-11,8.71821006722174,0.0,0.0,True,True,False,True,True,True,False,1000000.0,True,65,0.036767546958508694
0.43304880060506085,2.597839770322952,0.008745620408374646,0.039452203938954794,0.00014893605718701428,0.003712172796008024,0.2562319940376039,12.600000000000014,13.367687796629745,0.0006376673980892112,13.367687796629745,0.06092760290712268,6.092760290712268,1.16,1.282924384011292e-14,1.2829243840112921e-12,7.4387397980687675,0.0,0.0,True,True,True,True,True,True,True,0.039452203938954794,False,66,0.036767546958508694
0.4553650654289452,1.5861328551503318,0.007774048382411775,0.03761336622355215,0.00022517707140439305,0.0,0.24985506653806344,12.599999999999778,12.599999999999778,0.0006688514375147952,12.599999999999778,0.0,0.0,1.095,7.937213496685246e-14,7.937213496685246e-12,6.033578482160486,0.0,0.0,True,True,True,True,True,True,True,0.03761336622355215,False,67,0.036767546958508694
1.4633743538792576,2.252594151708198,0.0014389750255125078,0.038129821829334706,0.00014748173341065323,0.0,0.2536088852619221,12.599990169865327,12.599990169865327,0.0013940249450132166,12.599990169865327,0.0,0.0,2.045,1.5791887484456743e-06,0.00015791887484456742,12.0,0.008399160083991601,0.8399160083991601,True,True,True,True,False,True,False,1000000.0,True,68,0.036767546958508694
0.21811717402066202,1.3037961049959934,0.0013182221778652104,0.03740821346937169,0.0004152392290237903,0.000214020151283987,0.24737043262757613,12.59999999997705,12.784330787493152,0.0003211722211048753,12.784330787493152,0.014629427578821633,1.4629427578821634,0.978,2.410488034925832e-12,2.410488034925832e-10,6.227512796345373,0.0,0.0,True,True,True,True,True,True,True,0.03740821346937169,False,69,0.036767546958508694
1.0809562756967148,0.9264137661998589,0.0050632993162063305,0.03637981761756351,0.0006117917443070026,0.0,0.24008495047319536,12.593132189309742,12.593132189309742,0.0013940249450132166,12.593132189309742,0.0,0.0,4.297,0.000760005054640236,0.07600050546402361,12.0,0.0037996200379962005,0.37996200379962003,True,True,True,True,False,True,False,1000000.0,True,70,0.036767546958508694
1.1025411663357525,2.533908132273158,0.0019977565166005764,0.038394167317686044,0.00010038340797604327,0.0,0.25555958181933613,12.59999998291166,12.59999998291166,0.0013940249450132166,12.59999998291166,0.0,0.0,1.4000000000000001,4.110762383048957e-09,4.110762383048957e-07,12.0,0.0044995500449955,0.44995500449955,True,True,True,True,True,True,True,0.038394167317686044,False,71,0.036767546958508694
1.2453618840369416,3.003924953655306,0.007389840039155418,0.038550676651381593,8.608915174971729e-05,0.0,0.25666015440221174,12.599999997353798,12.599999997353798,0.0013940249450132166,12.599999997353798,0.0,0.0,1.2610000000000001,7.180018836978643e-10,7.180018836978644e-08,12.0,0.0058994100589941,0.58994100589941,True,True,True,True,True,True,True,0.038550676651381593,False,72,0.036767546958508694
0.3703750770245072,0.9331383127762061,0.009275625510065076,0.03636741399753179,0.0005916850497394125,0.0,0.24008268645125425,12.599996851675261,12.599996851675261,0.0005434935601919378,12.599996851675261,0.0,0.0,2.324,5.696758886841735e-07,5.696758886841735e-05,5.999934436113076,0.0,0.0,True,True,True,True,False,True,False,1000000.0,True,73,0.036767546958508694
0.7168516519724228,1.5533204212332892,0.004885840453515334,0.0376296912177532,0.00018750291829786443,0.0,0.2501145964451632,12.59999953179292,12.59999953179292,0.001051548174745202,12.59999953179292,0.0,0.0,1.7570000000000001,9.186869339335621e-08,9.18686933933562e-06,9.094437724013643,0.0,0.0,True,True,True,True,True,True,True,0.0376296912177532,False,74,0.036767546958508694
1.061723476592657,3.844681399664395,0.0028644622688205504,0.03894677816617844,5.7812518015038696e-05,0.0,0.2594139377024628,12.59999999999989,12.59999999999989,0.0013940249450132166,12.59999999999989,0.0,0.0,0.667,8.881784197001252e-15,8.881784197001252e-13,12.0,0.003999600039996,0.3999600039996,True,True,True,True,True,True,True,0.03894677816617844,False,75,0.036767546958508694
1.4022509581056353,0.5870082198518971,0.005551980423268247,0.03500959505840852,0.0016428143044245874,0.0,0.2268260431716918,12.46775217859473,12.46775217859473,0.0013940249450132166,12.46775217859473,0.0,0.0,7.988,0.012372439988765598,1.2372439988765598,12.0,0.007599240075992401,0.7599240075992401,True,True,True,True,False,True,False,1000000.0,True,76,0.036767546958508694
1.0241676451854107,0.8706409131276365,0.0014033959706391264,0.03622289433454728,0.0006793472029402107,0.0,0.23876857341855437,12.591687225151674,12.591687225151674,0.0013940249450132166,12.591687225151674,0.0,0.0,4.458,0.0009117821722949229,0.09117821722949229,12.0,0.0030996900309969004,0.30996900309969005,True,True,True,True,False,True,False,1000000.0,True,77,0.036767546958508694
0.744848615111195,3.881811692501136,0.005960425532343728,0.03988854487498854,6.725049138409344e-05,0.00288616154606048,0.26084436129095306,12.600000000000104,13.276909895815212,0.0010959363366574819,13.276909895815212,0.053723007604381944,5.372300760438194,0.836,8.599822793921848e-15,8.599822793921849e-13,10.123043335675762,0.0,0.0,True,True,True,True,True,True,True,0.03988854487498854,False,78,0.036767546958508694
1.4129301880802747,3.3152632046453974,0.004673816015552916,0.03860224023799574,8.453305355706692e-05,0.0,0.25701013603907663,12.599999996010093,12.599999996010093,0.0013940249450132166,12.599999996010093,0.0,0.0,1.292,1.0544032666382283e-09,1.0544032666382283e-07,12.0,0.007799220077992201,0.7799220077992202,True,True,True,True,True,True,True,0.03860224023799574,False,79,0.036767546958508694
1.2201924840278437,0.5624287439194571,0.0010914399676573495,0.03484478130905287,0.0017570087762576337,0.0,0.22527050695532197,12.481829957592856,12.481829957592856,0.0013940249450132166,12.481829957592856,0.0,0.0,7.781000000000001,0.011177174556801034,1.1177174556801033,12.0,0.006099390060993901,0.6099390060993901,True,True,True,True,False,True,False,1000000.0,True,80,0.036767546958508694
