Method,K_p,K_i,K_d,total,tracking,overshoot_cost,control,omega_final,omega_max,omega_min,omega_abs_max,overshoot,overshoot_percent,settling_time,steady_state_error,steady_state_error_percent,voltage_max_abs,saturation_fraction,saturation_percent,valid,constraint_stable,constraint_overshoot,constraint_steady_state_error,constraint_settling_time,constraint_saturation,feasible,objective,penalized,trial,objective_model_target,used_penalty_in_objective_model,g_overshoot,g_steady_state_error,g_settling_time,g_saturation,expected_improvement,feasibility_probability,constrained_expected_improvement,feasible_best_so_far,feasible_count_so_far
Feasibility-aware BO,1.2061428631227524,2.036074539132183,0.008585979199113825,0.03803648469993072,0.00014898515096165116,0.0,0.2529806240623582,12.5999959906531,12.5999959906531,0.0013940249450132166,12.5999959906531,0.0,0.0,1.939,6.821033637034845e-07,6.821033637034844e-05,12.0,0.0052994700529947,0.52994700529947,True,True,True,True,True,True,True,0.03803648469993072,False,1,0.03803648469993072,False,-0.1,-0.019999317896636296,-0.06099999999999994,-0.0447005299470053,,,,0.03803648469993072,1
Feasibility-aware BO,1.106578437777173,0.8296207176067734,0.00975622351636756,0.03605024053796396,0.0007613916306623862,0.0,0.23728937039711023,12.585156867357927,12.585156867357927,0.0013940249450132166,12.585156867357927,0.0,0.0,4.877,0.0015729511204463722,0.15729511204463723,12.0,0.0037996200379962005,0.37996200379962003,True,True,True,True,False,True,False,0.03605024053796396,False,2,0.03605024053796396,False,-0.1,-0.01842704887955363,2.877,-0.0462003799620038,,,,0.03803648469993072,1
Feasibility-aware BO,1.189481612587459,3.2512250684693385,0.0012811363267554588,0.038645516964568825,7.796776222009754e-05,0.0,0.25732490871491176,12.59999999987439,12.59999999987439,0.0013940249450132166,12.59999999987439,0.0,0.0,1.121,4.20057639465605e-11,4.20057639465605e-09,12.0,0.005699430056994301,0.5699430056994301,True,True,True,True,True,True,True,0.038645516964568825,False,3,0.038645516964568825,False,-0.1,-0.019999999957994237,-0.879,-0.0443005699430057,,,,0.03803648469993072,2
Feasibility-aware BO,0.7855017192642373,1.7977930848140344,0.009267649888486018,0.03794892405799974,0.000140293532861818,0.0,0.25243165292188435,12.599999936112056,12.599999936112056,0.001152390917381884,12.599999936112056,0.0,0.0,1.494,1.4094783893817351e-08,1.4094783893817352e-06,9.931038816102452,0.0,0.0,True,True,True,True,True,True,True,0.03794892405799974,False,4,0.03794892405799974,False,-0.1,-0.01999998590521611,-0.506,-0.05,,,,0.03794892405799974,3
Feasibility-aware BO,1.037024656104864,3.379665646447905,0.004434141988273311,0.03883718996387983,6.323899698292376e-05,0.0,0.25866164377126716,12.599999999999806,12.599999999999806,0.0013940249450132166,12.599999999999806,0.0,0.0,0.792,8.924078407463164e-14,8.924078407463163e-12,12.0,0.0033996600339966003,0.33996600339966004,True,True,True,True,True,True,True,0.03883718996387983,False,5,0.03883718996387983,False,-0.1,-0.01999999999991076,-1.208,-0.0466003399660034,,,,0.03794892405799974,4
Feasibility-aware BO,0.49541033832021,2.4410467545554217,0.0006381725610417532,0.03853330299373065,0.00012570868118238357,0.0005129770099827026,0.255530890216837,12.5999999999999,12.88537734686701,0.0007287181121887836,12.88537734686701,0.022648995783096048,2.264899578309605,0.932,7.894919286223336e-15,7.894919286223336e-13,7.4040118698507555,0.0,0.0,True,True,True,True,True,True,True,0.03853330299373065,False,6,0.03853330299373065,False,-0.07735100421690395,-0.019999999999992104,-1.068,-0.05,,,,0.03794892405799974,5
Feasibility-aware BO,1.2759205235903568,2.710825396927227,0.007580877400853739,0.03841124596713069,0.00010112831469456934,0.0,0.25567045985542636,12.599999950697313,12.599999950697313,0.0013940249450132166,12.599999950697313,0.0,0.0,1.467,1.1052047601615703e-08,1.1052047601615702e-06,12.0,0.006199380061993801,0.6199380061993801,True,True,True,True,True,True,True,0.03841124596713069,False,7,0.03841124596713069,False,-0.1,-0.0199999889479524,-0.5329999999999999,-0.0438006199380062,,,,0.03794892405799974,6
Feasibility-aware BO,0.660883758568829,3.8974430853821613,0.008931211213221976,0.04067998067230143,8.186413469730964e-05,0.006153572610820615,0.26061646025851926,12.600000000000104,13.588403352733023,0.0009730576569859233,13.588403352733023,0.07844471053436691,7.844471053436691,0.902,8.599822793921848e-15,8.599822793921849e-13,9.345053158467437,0.0,0.0,True,True,True,True,True,True,True,0.04067998067230143,False,8,0.04067998067230143,False,-0.021555289465633093,-0.0199999999999914,-1.0979999999999999,-0.05,,,,0.03794892405799974,7
Feasibility-aware BO,0.20520988615334135,0.5580293066414492,0.009930845819305065,0.03499319697969792,0.001752251832686289,0.0,0.2262789725339076,12.599736195057783,12.599736195057783,0.000301187887386316,12.599736195057783,0.0,0.0,3.536,3.729681120968203e-05,0.0037296811209682032,5.999847970168044,0.0,0.0,True,True,True,True,False,True,False,0.03499319697969792,False,9,0.03499319697969792,False,-0.1,-0.01996270318879032,1.536,-0.05,0.0021082775994592648,0.1766772902244304,0.00037248477331332995,0.03794892405799974,7
Feasibility-aware BO,0.36632466179126344,1.4017837197172078,0.009069552232425624,0.037384617077166324,0.00030353642829584326,8.090682794905118e-08,0.24801649995654557,12.600000000000236,12.603583959821927,0.0005382508298825177,12.603583959821927,0.00028444125570854025,0.028444125570854024,1.133,6.541504551442193e-14,6.541504551442193e-12,6.0159374128629715,0.0,0.0,True,True,True,True,True,True,True,0.037384617077166324,False,10,0.037384617077166324,False,-0.09971555874429147,-0.019999999999934584,-0.867,-0.05,0.00029064593940802415,0.3079718649165779,8.951077198991991e-05,0.037384617077166324,8
Feasibility-aware BO,0.3460808363204986,0.5250988676829447,0.008842100415650042,0.03451446763564434,0.001847706468461436,0.0,0.2227056250304499,12.59511691248924,12.59511691248924,0.0005073361857290571,12.59511691248924,0.0,0.0,4.636,0.0005724275654100853,0.05724275654100853,5.998105676690788,0.0,0.0,True,True,True,True,False,True,False,0.03451446763564434,False,11,0.03451446763564434,False,-0.1,-0.019427572434589917,2.636,-0.05,0.002497892688180528,0.9883799143552794,0.002468866961212549,0.037384617077166324,8
Feasibility-aware BO,0.2162288744429457,1.1087815958825065,0.0014743835459023447,0.036975828809019784,0.0005195747095688837,6.656247794202757e-06,0.24441613280886604,12.599999999977811,12.632507628332556,0.00031812281970927024,12.632507628332556,0.0025799705025838487,0.2579970502583849,1.2730000000000001,6.94047993679955e-12,6.94047993679955e-10,6.043557496594441,0.0,0.0,True,True,True,True,True,True,True,0.036975828809019784,False,12,0.036975828809019784,False,-0.09742002949741616,-0.01999999999305952,-0.7269999999999999,-0.05,0.001568326786388112,0.9403377020389702,0.00147475680635836,0.036975828809019784,9
Feasibility-aware BO,0.22586025859319714,0.9633909729785646,0.005591736053589743,0.03660956722771919,0.0006443015578059491,1.1547131162149069e-10,0.24148657509445198,12.599999999959262,12.600135396548822,0.00033200771689489446,12.600135396548822,1.0745757843050936e-05,0.0010745757843050937,1.649,1.2676702721046963e-11,1.2676702721046963e-09,6.000132245480256,0.0,0.0,True,True,True,True,True,True,True,0.03660956722771919,False,13,0.03660956722771919,False,-0.09998925424215696,-0.019999999987323297,-0.351,-0.05,0.001115500097796512,0.9317794520204502,0.0010394000698535925,0.03660956722771919,10
Feasibility-aware BO,0.3193408115760062,0.9688916527581227,0.007203508793400153,0.036509096842207094,0.0005749158807778386,0.0,0.24109431542493595,12.599999824121474,12.599999824121474,0.00046884570225221175,12.599999824121474,0.0,0.0,2.0260000000000002,3.860023651683937e-08,3.860023651683937e-06,5.999935268320007,0.0,0.0,True,True,True,True,False,True,False,0.036509096842207094,False,14,0.036509096842207094,False,-0.1,-0.019999961399763483,0.026000000000000245,-0.05,0.00011499501160942454,0.31950965479035237,3.67420164619398e-05,0.03660956722771919,10
Feasibility-aware BO,0.8029287413949762,0.5069356195084325,0.0056544262018128665,0.03436734544950661,0.0019141600721392794,0.0,0.22145899604148694,12.52945404352679,12.52945404352679,0.0011760098442453618,12.52945404352679,0.0,0.0,6.939,0.006942993082193773,0.6942993082193774,10.123289530382506,0.0,0.0,True,True,True,True,False,True,False,0.03436734544950661,False,15,0.03436734544950661,False,-0.1,-0.013057006917806226,4.939,-0.05,0.002429832551543304,0.5048408007630172,0.0012266786110411668,0.03660956722771919,10
Feasibility-aware BO,0.4298136394463816,0.5010063297527532,0.004614915229835509,0.03426249323064893,0.0020005811061775828,0.0,0.2204142971129492,12.585353285458758,12.585353285458758,0.0006298628179372803,12.585353285458758,0.0,0.0,5.353,0.001603563079070076,0.16035630790700758,5.994203355645282,0.0,0.0,True,True,True,True,False,True,False,0.03426249323064893,False,16,0.03426249323064893,False,-0.1,-0.018396436920929925,3.3529999999999998,-0.05,0.0023411305319015682,0.4295282994484279,0.001005581816154474,0.03660956722771919,10
Feasibility-aware BO,0.5170112416326323,0.6112730489387568,0.0007467988019100957,0.034957106931076926,0.0013092509728462323,0.0,0.22781037564912793,12.593378655338652,12.593378655338652,0.0007576576324449088,12.593378655338652,0.0,0.0,4.65,0.0007527235788544539,0.0752723578854454,6.553953470301762,0.0,0.0,True,True,True,True,False,True,False,0.034957106931076926,False,17,0.034957106931076926,False,-0.1,-0.019247276421145546,2.6500000000000004,-0.05,0.001864855675859832,0.360761270539517,0.0006727677029960227,0.03660956722771919,10
Feasibility-aware BO,0.4091758669774368,0.5184630884690182,0.0017468130283637485,0.034402837758149195,0.0018717640096485024,0.0,0.22186519568240065,12.589981789088968,12.589981789088968,0.0005996803217394683,12.589981789088968,0.0,0.0,5.063,0.0011218842156904846,0.11218842156904846,5.996070359978659,0.0,0.0,True,True,True,True,False,True,False,0.034402837758149195,False,18,0.034402837758149195,False,-0.1,-0.018878115784309514,3.0629999999999997,-0.05,0.002204691720282523,0.3684582236562062,0.0008123367949648437,0.03660956722771919,10
Feasibility-aware BO,0.20157234602887866,0.8038837206049816,0.004404000760409826,0.036143897724429136,0.000896116435263644,0.0,0.23737485242180636,12.59999995728805,12.59999995728805,0.00029622338817593137,12.59999995728805,0.0,0.0,2.121,1.0692789299496109e-08,1.069278929949611e-06,5.99993530117903,0.0,0.0,True,True,True,True,False,True,False,0.036143897724429136,False,19,0.036143897724429136,False,-0.1,-0.0199999893072107,0.121,-0.05,0.00041577274406384007,0.6708469169407358,0.0002789198635032167,0.03660956722771919,10
Feasibility-aware BO,0.5740559606970584,0.5153768147113295,0.006426725997905931,0.03432557282332332,0.0018576005836583932,0.0,0.22140674982085526,12.571917032028349,12.571917032028349,0.0008410151160400659,12.571917032028349,0.0,0.0,5.856,0.0029384902263540624,0.29384902263540624,7.2402044036226885,0.0,0.0,True,True,True,True,False,True,False,0.03432557282332332,False,20,0.03432557282332332,False,-0.1,-0.017061509773645938,3.856,-0.05,0.002288044917012823,0.34729437097579946,0.0007946251202183436,0.03660956722771919,10
Feasibility-aware BO,0.679916431574723,0.5017198729709689,0.006286252790820226,0.034252786009485524,0.0019578626309205553,0.0,0.2205204562062213,12.549725870167611,12.549725870167611,0.0009959458699657592,12.549725870167611,0.0,0.0,6.501,0.005068102617606259,0.5068102617606259,8.573268708240944,0.0,0.0,True,True,True,True,False,True,False,0.034252786009485524,False,21,0.034252786009485524,False,-0.1,-0.014931897382393741,4.501,-0.05,0.002345365932055553,0.3211498312277143,0.0007532138732468716,0.03660956722771919,10
Feasibility-aware BO,0.510421509551857,0.5610366735811974,0.0028539505229801822,0.03464708838016952,0.0015658889094720772,0.0,0.22471703356324185,12.58833553935528,12.58833553935528,0.0007479385366998613,12.58833553935528,0.0,0.0,5.08,0.0012857468946824739,0.12857468946824738,6.446517309454884,0.0,0.0,True,True,True,True,False,True,False,0.03464708838016952,False,22,0.03464708838016952,False,-0.1,-0.018714253105317526,3.08,-0.05,0.00196446723611355,0.22473992643241236,0.00044149422212304366,0.03660956722771919,10
Feasibility-aware BO,0.5939671888427134,0.6511664360350329,0.006074035966541228,0.03517387186800703,0.0011344777532182363,0.0,0.22995456810717396,12.593230377183524,12.593230377183524,0.0008703584610223718,12.593230377183524,0.0,0.0,4.5920000000000005,0.0007647182814502734,0.07647182814502734,7.494591853893645,0.0,0.0,True,True,True,True,False,True,False,0.03517387186800703,False,23,0.03517387186800703,False,-0.1,-0.019235281718549727,2.5920000000000005,-0.05,0.0014367088358517091,0.2528596841421622,0.00036328574243771675,0.03660956722771919,10
Feasibility-aware BO,0.47532145187305586,0.5036422597983576,0.004481476845907349,0.03425865393924295,0.001967336703741037,0.0,0.22052167944665552,12.58094527795973,12.58094527795973,0.0006964776532186836,12.58094527795973,0.0,0.0,5.548,0.002049450075688975,0.2049450075688975,5.99828942852593,0.0,0.0,True,True,True,True,False,True,False,0.03425865393924295,False,24,0.03425865393924295,False,-0.1,-0.017950549924311027,3.548,-0.05,0.0023520786047064243,0.27356121593313176,0.0006434374830737934,0.03660956722771919,10
Feasibility-aware BO,0.5359779251974539,0.5014654728296402,0.0052550117023566914,0.034227243441601746,0.0019734989774283004,0.0,0.22028762703429844,12.572629255201194,12.572629255201194,0.0007852589357338592,12.572629255201194,0.0,0.0,5.862,0.0028747335475317235,0.28747335475317237,6.761410967271203,0.0,0.0,True,True,True,True,False,True,False,0.034227243441601746,False,25,0.034227243441601746,False,-0.1,-0.017125266452468278,3.862,-0.05,0.002349497902317442,0.2589822646436064,0.0006084782875175738,0.03660956722771919,10
Feasibility-aware BO,0.4490592235990206,0.5000464880681958,0.0009896473688370234,0.03424562561856107,0.0020060485486395555,0.0,0.22027997659584897,12.582815928282987,12.582815928282987,0.0006580316786015024,12.582815928282987,0.0,0.0,5.477,0.001862213464762468,0.1862213464762468,5.993166877387508,0.0,0.0,True,True,True,True,False,True,False,0.03424562561856107,False,26,0.03424562561856107,False,-0.1,-0.01813778653523753,3.4770000000000003,-0.05,0.00236537070197803,0.2451997599476085,0.0005799883283121192,0.03660956722771919,10
Feasibility-aware BO,0.4114742620806964,0.5045595886102008,0.005464120232926701,0.03430146502383859,0.0019768393286666427,0.0,0.22076907617759067,12.587848334787957,12.587848334787957,0.000603024191935373,12.587848334787957,0.0,0.0,5.214,0.0013461036190807116,0.13461036190807116,5.995214923363363,0.0,0.0,True,True,True,True,False,True,False,0.03430146502383859,False,27,0.03430146502383859,False,-0.1,-0.01865389638091929,3.2140000000000004,-0.05,0.002308506352099879,0.23307742740880572,0.0005380607217043264,0.03660956722771919,10
Feasibility-aware BO,0.3283100131325021,0.5013678037371725,0.009711195378331386,0.034370763069138215,0.002040018234968127,0.0,0.22097834752104895,12.594030880000036,12.594030880000036,0.0004812898305908288,12.594030880000036,0.0,0.0,4.787,0.0006930232015884865,0.06930232015884866,5.99768487331155,0.0,0.0,True,True,True,True,False,True,False,0.034370763069138215,False,28,0.034370763069138215,False,-0.1,-0.019306976798411514,2.787,-0.05,0.0022322939099586256,0.222310992340235,0.0004962634743179653,0.03660956722771919,10
Feasibility-aware BO,0.5052874398893845,0.5044434980651855,0.005654687826300131,0.034254112253695415,0.00195377668418718,0.0,0.22054564162122073,12.577621691109176,12.577621691109176,0.0007403408275486868,12.577621691109176,0.0,0.0,5.678,0.0023810029177273773,0.23810029177273773,6.374772864111125,0.0,0.0,True,True,True,True,False,True,False,0.034254112253695415,False,29,0.034254112253695415,False,-0.1,-0.017618997082272624,3.678,-0.05,0.0023547840442313117,0.21323598657629345,0.000502124698845778,0.03660956722771919,10
Feasibility-aware BO,0.5568109948508977,0.515999668278653,0.0013134250346658815,0.03433763947417278,0.0018602754737255635,0.0,0.22147649459958293,12.573931152821997,12.573931152821997,0.0008157741195334247,12.573931152821997,0.0,0.0,5.791,0.002741748553880259,0.2741748553880259,7.034901974361963,0.0,0.0,True,True,True,True,False,True,False,0.03433763947417278,False,30,0.03433763947417278,False,-0.1,-0.01725825144611974,3.7910000000000004,-0.05,0.0022741841752661474,0.20314940989057784,0.00046199917318780827,0.03660956722771919,10
Feasibility-aware BO,0.5852116274776992,0.5014202599600834,0.0006251399287237891,0.03423581321809828,0.00197344997314804,0.0,0.2203449548947297,12.564873298128653,12.564873298128653,0.0008573235291243146,12.564873298128653,0.0,0.0,6.107,0.003629087524256786,0.3629087524256786,7.395287106288571,0.0,0.0,True,True,True,True,False,True,False,0.03423581321809828,False,31,0.03423581321809828,False,-0.1,-0.016370912475743214,4.107,-0.05,0.002374296397368615,0.19366047041733936,0.0004598073572246001,0.03660956722771919,10
Feasibility-aware BO,0.7902360624319844,0.5046911112331656,0.004740874303034033,0.03434542542765444,0.00193346332753527,0.0,0.22123564954088853,12.530439756081432,12.530439756081432,0.001157427952251683,12.530439756081432,0.0,0.0,6.924,0.006855170653539275,0.6855170653539274,9.96333349464454,0.0,0.0,True,True,True,True,False,True,False,0.03434542542765444,False,32,0.03434542542765444,False,-0.1,-0.013144829346460725,4.924,-0.05,0.0022640404829774377,0.1847159134258809,0.00041820430584634996,0.03660956722771919,10
Feasibility-aware BO,0.6713950464114583,0.5034707573851136,0.006767040485044963,0.0342606691900526,0.0019433077580121134,0.0,0.2206312302349689,12.55213931696897,12.55213931696897,0.0009834754581232968,12.55213931696897,0.0,0.0,6.439,0.004839647630420236,0.48396476304202357,8.465921316327428,0.0,0.0,True,True,True,True,False,True,False,0.0342606691900526,False,33,0.0342606691900526,False,-0.1,-0.015160352369579765,4.439,-0.05,0.002348890392118573,0.17692581116882877,0.00041557933797224683,0.03660956722771919,10
Feasibility-aware BO,0.4618308443964068,0.5005059646594553,0.0004508463117370654,0.034243549859315145,0.0019996471895740273,0.0,0.22029174363713816,12.581428291887633,12.581428291887633,0.0006767265070282201,12.581428291887633,0.0,0.0,5.537,0.002002199762578785,0.2002199762578785,5.9925964647345245,0.0,0.0,True,True,True,True,False,True,False,0.034243549859315145,False,34,0.034243549859315145,False,-0.1,-0.017997800237421216,3.537,-0.05,0.002366073812836461,0.16910685657178293,0.000400119304905587,0.03660956722771919,10
Feasibility-aware BO,0.7234248249295305,0.5010178633887175,0.0004557256447020319,0.034288731852396996,0.0019702932187655154,0.0,0.2207103728075846,12.54064019204871,12.54064019204871,0.001059629217352698,12.54064019204871,0.0,0.0,6.716,0.005918586302701022,0.5918586302701022,9.13160175555345,0.0,0.0,True,True,True,True,False,True,False,0.034288731852396996,False,35,0.034288731852396996,False,-0.1,-0.014081413697298978,4.716,-0.05,0.0023215152757736085,0.16199225981238735,0.0003760675057115445,0.03660956722771919,10
Feasibility-aware BO,0.6036991061971233,0.5210397663335504,0.0033124282065519874,0.03437467871371374,0.0018160351748601595,0.0,0.22190038405865095,12.56940235859814,12.56940235859814,0.0008844128535402149,12.56940235859814,0.0,0.0,5.928,0.003181311873136383,0.3181311873136383,7.616275006049595,0.0,0.0,True,True,True,True,False,True,False,0.03437467871371374,False,36,0.03437467871371374,False,-0.1,-0.01681868812686362,3.928,-0.05,0.0022342638319999553,0.1552385329695779,0.00034684383954666054,0.03660956722771919,10
Feasibility-aware BO,0.6846636507849257,0.5041297705131904,0.007748163441639786,0.0342683262832791,0.0019361238543350529,0.0,0.22071101313785385,12.550236093970158,12.550236093970158,0.0010028980264943045,12.550236093970158,0.0,0.0,6.4830000000000005,0.00501806972549753,0.501806972549753,8.633114034998531,0.0,0.0,True,True,True,True,False,True,False,0.0342683262832791,False,37,0.0342683262832791,False,-0.1,-0.01498193027450247,4.4830000000000005,-0.05,0.002341359309695576,0.14865539562390434,0.0003480556944805074,0.03660956722771919,10
Feasibility-aware BO,0.5289426248310601,0.5172156428822436,0.004591054998151839,0.03434327604473336,0.001851448460340969,0.0,0.2215493797901919,12.578035327049365,12.578035327049365,0.0007749842362535635,12.578035327049365,0.0,0.0,5.6370000000000005,0.0023357625616890784,0.23357625616890784,6.673742588790555,0.0,0.0,True,True,True,True,False,True,False,0.03434327604473336,False,38,0.03434327604473336,False,-0.1,-0.01766423743831092,3.6370000000000005,-0.05,0.0022662604148857776,0.14246180333362757,0.00032285554552824284,0.03660956722771919,10
Feasibility-aware BO,0.4879626515101534,0.5001264172048328,0.009480332473439233,0.0342246992513746,0.001989102580667638,0.0,0.2202082513531601,12.578955091551835,12.578955091551835,0.000714975761998248,12.578955091551835,0.0,0.0,5.632,0.002249264944478337,0.22492649444783372,6.154631001884714,0.0,0.0,True,True,True,True,False,True,False,0.0342246992513746,False,39,0.0342246992513746,False,-0.1,-0.017750735055521664,3.6319999999999997,-0.05,0.0023850896892423923,0.13672655570840714,0.0003261050982657474,0.03660956722771919,10
Feasibility-aware BO,0.6783531710187723,0.5076911119330358,0.007757075208278714,0.034291311078984796,0.0019078863034830793,0.0,0.220977195312633,12.553033220209507,12.553033220209507,0.0009936664248035502,12.553033220209507,0.0,0.0,6.407,0.004752248060118092,0.47522480601180916,8.553646862846886,0.0,0.0,True,True,True,True,False,True,False,0.034291311078984796,False,40,0.034291311078984796,False,-0.1,-0.015247751939881909,4.407,-0.05,0.0023181627246859834,0.1312771474426075,0.00030432178980455853,0.03660956722771919,10
Feasibility-aware BO,0.8945733952358434,0.5009278599011128,0.0005471979298082252,0.034433657923527115,0.00197028362539363,0.0,0.22167658498860626,12.50601139612934,12.50601139612934,0.0013101437307381017,12.50601139612934,0.0,0.0,7.406000000000001,0.00907566808778137,0.9075668087781369,11.283799767296625,0.0,0.0,True,True,True,True,False,True,False,0.034433657923527115,False,41,0.034433657923527115,False,-0.1,-0.010924331912218631,5.406000000000001,-0.05,0.0021822746740702906,0.12597106189431312,0.00027490345803770055,0.03660956722771919,10
Feasibility-aware BO,0.5024389166214074,0.5320907120211134,0.004446910879330175,0.03445314864393024,0.0017492730244392726,0.0,0.22269056552844452,12.584253929133881,12.584253929133881,0.000736211837383286,12.584253929133881,0.0,0.0,5.345,0.001708193182922023,0.1708193182922023,6.340494873734056,0.0,0.0,True,True,True,True,False,True,False,0.03445314864393024,False,42,0.03445314864393024,False,-0.1,-0.01829180681707798,3.3449999999999998,-0.05,0.0021564188934512438,0.12189268203211609,0.0002628516825075001,0.03660956722771919,10
Feasibility-aware BO,0.5201815806527295,0.5066131689093694,0.009868721481673014,0.034262612533840685,0.0019297518231708342,0.0,0.22069840959958792,12.576704504980512,12.576704504980512,0.0007621449472993031,12.576704504980512,0.0,0.0,5.705,0.0024707057483624568,0.24707057483624567,6.560671242152649,0.0,0.0,True,True,True,True,False,True,False,0.034262612533840685,False,43,0.034262612533840685,False,-0.1,-0.017529294251637545,3.705,-0.05,0.0023470727144791204,0.1174983013943243,0.00027577705720026254,0.03660956722771919,10
Feasibility-aware BO,0.6037743848731331,0.5054004420475766,0.004088896489987562,0.03426104707530358,0.0019352619255272698,0.0,0.2206659327999148,12.563874138033379,12.563874138033379,0.0008845001492214225,12.563874138033379,0.0,0.0,6.125,0.0037225517106519146,0.37225517106519146,7.61614222542525,0.0,0.0,True,True,True,True,False,True,False,0.03426104707530358,False,44,0.03426104707530358,False,-0.1,-0.016277448289348087,4.125,-0.05,0.002348487485486675,0.11299329630781639,0.00026536334232279453,0.03660956722771919,10
Feasibility-aware BO,0.49802892980223623,0.5423565122215933,0.0014007822861758534,0.0345271012606393,0.0016840382073673305,0.0,0.22344452224145933,12.586325311226059,12.586325311226059,0.0007297718504891648,12.586325311226059,0.0,0.0,5.2250000000000005,0.0014954732171712328,0.1495473217171233,6.301273497220357,0.0,0.0,True,True,True,True,False,True,False,0.0345271012606393,False,45,0.0345271012606393,False,-0.1,-0.018504526782828767,3.2250000000000005,-0.05,0.002082548581061293,0.6734310826322321,0.001402452945578325,0.03660956722771919,10
Feasibility-aware BO,1.0361758659750109,0.5714202460387243,0.0001464808913927207,0.03487820164144967,0.00162001711982964,0.0,0.22604127579701255,12.521935203396012,12.521935203396012,0.0013940249450132166,12.521935203396012,0.0,0.0,7.011,0.007585542867292818,0.7585542867292818,12.0,0.0034996500349965005,0.34996500349965004,True,True,True,True,False,True,False,0.03487820164144967,False,46,0.03487820164144967,False,-0.1,-0.012414457132707182,5.011,-0.046500349965003504,0.0015894992660612506,0.7058732672624695,0.0011219850402459522,0.03660956722771919,10
Feasibility-aware BO,0.522588094799634,0.5000903035036209,0.007335377682607891,0.034216569243707314,0.001984806215330237,0.0,0.22017123676339448,12.574242387400991,12.574242387400991,0.0007656578773992377,12.574242387400991,0.0,0.0,5.808,0.0027165473902138943,0.2716547390213894,6.591195373827786,0.0,0.0,True,True,True,True,False,True,False,0.034216569243707314,False,47,0.034216569243707314,False,-0.1,-0.017283452609786105,3.808,-0.05,0.002392993630554424,0.10142859547506124,0.00024271798292790282,0.03660956722771919,10
Feasibility-aware BO,0.6646638562921203,0.5022686217650346,0.007953753967219578,0.034246396183540966,0.0019519140506295868,0.0,0.2205016516877548,12.552880544253568,12.552880544253568,0.0009736210792431199,12.552880544253568,0.0,0.0,6.422,0.004770312593445915,0.4770312593445915,8.381093173914955,0.0,0.0,True,True,True,True,False,True,False,0.034246396183540966,False,48,0.034246396183540966,False,-0.1,-0.015229687406554084,4.422,-0.05,0.0023631981128033053,0.0976497243561619,0.00023076564431424474,0.03660956722771919,10
Feasibility-aware BO,0.4951406197504321,0.73928778573713,0.0057506067599358964,0.03560704253999352,0.0008841374122632892,0.0,0.23384373395090363,12.599020505339004,12.599020505339004,0.0007258324088780806,12.599020505339004,0.0,0.0,3.6470000000000002,0.00012418848575801268,0.012418848575801267,6.252949774203889,0.0,0.0,True,True,True,True,False,True,False,0.03560704253999352,False,49,0.03560704253999352,False,-0.1,-0.01987581151424199,1.6470000000000002,-0.05,0.0010069953583084212,0.47327823595573376,0.00047658898679582166,0.03660956722771919,10
Feasibility-aware BO,0.3193360385721228,0.6502696073669237,0.0062863336343756925,0.035293623486571855,0.0012152611006635218,0.0,0.23042977884115828,12.599615140956436,12.599615140956436,0.00046837234044814005,12.599615140956436,0.0,0.0,3.491,5.236939730870013e-05,0.005236939730870013,5.9998045536059905,0.0,0.0,True,True,True,True,False,True,False,0.035293623486571855,False,50,0.035293623486571855,False,-0.1,-0.0199476306026913,1.491,-0.05,0.0013067835112661394,0.2978016603029936,0.00038916229931163204,0.03660956722771919,10
Feasibility-aware BO,0.7871017520631469,0.5035232753395107,0.0075194098983720785,0.03432435939527782,0.0019390128605084234,0.0,0.2210730111931518,12.530690248957347,12.530690248957347,0.0011528384706781451,12.530690248957347,0.0,0.0,6.9190000000000005,0.006832503443371438,0.6832503443371438,9.923826469264927,0.0,0.0,True,True,True,True,False,True,False,0.03432435939527782,False,51,0.03432435939527782,False,-0.1,-0.013167496556628563,4.9190000000000005,-0.05,0.0022852555892132337,0.09419076193708004,0.00021524996516896527,0.03660956722771919,10
Feasibility-aware BO,0.4181228341142208,0.5036081043954084,0.00383501971919353,0.03428954939274513,0.001983369033398436,0.0,0.2206635198180405,12.586948388568372,12.586948388568372,0.0006127544882496291,12.586948388568372,0.0,0.0,5.267,0.0014393289733212224,0.14393289733212222,5.9948509393753495,0.0,0.0,True,True,True,True,False,True,False,0.03428954939274513,False,52,0.03428954939274513,False,-0.1,-0.018560671026678778,3.2670000000000003,-0.05,0.0023199984744972438,0.09112156360538715,0.00021140188855830176,0.03660956722771919,10
Feasibility-aware BO,0.7896780069962441,0.5004712317397956,0.00755989052214203,0.03430451483200086,0.001963882540099387,0.0,0.22084123538627484,12.528282585170704,12.528282585170704,0.001156604935145512,12.528282585170704,0.0,0.0,6.9750000000000005,0.007056234054133564,0.7056234054133563,9.956248825672596,0.0,0.0,True,True,True,True,False,True,False,0.03430451483200086,False,53,0.03430451483200086,False,-0.1,-0.012943765945866437,4.9750000000000005,-0.05,0.0023043268633433783,0.08824135564717595,0.00020333692627562446,0.03660956722771919,10
Feasibility-aware BO,1.4239797251743131,0.5113790062193275,0.009961188322252427,0.03462851383914591,0.002117822392307785,0.0,0.22238546935840828,12.395214873736675,12.395214873736675,0.0013940249450132166,12.395214873736675,0.0,0.0,9.246,0.018708145440549988,1.8708145440549988,12.0,0.007399260073992601,0.7399260073992601,True,True,True,True,False,True,False,0.03462851383914591,False,54,0.03462851383914591,False,-0.1,-0.0012918545594500126,7.246,-0.0426007399260074,0.0025536674514247755,0.08545643791731994,0.00021822732402416195,0.03660956722771919,10
Feasibility-aware BO,0.45633772065805767,0.5083406210455568,0.004775824398271075,0.03430117893283713,0.001933887668725705,0.0,0.22093897554401137,12.584120644764642,12.584120644764642,0.0006686975457268117,12.584120644764642,0.0,0.0,5.398,0.0017274154138879189,0.17274154138879189,5.993695817163745,0.0,0.0,True,True,True,True,False,True,False,0.03430117893283713,False,55,0.03430117893283713,False,-0.1,-0.01827258458611208,3.3979999999999997,-0.05,0.0023084116105924132,0.08688607740147944,0.00020056882987240624,0.03660956722771919,10
Feasibility-aware BO,0.5138696237282687,0.5137261204836732,0.0021245013464510553,0.034323362171954246,0.0018826028141801046,0.0,0.22129200322297454,12.578727442701869,12.578727442701869,0.0007529163820380522,12.578727442701869,0.0,0.0,5.619,0.0022683586163454875,0.22683586163454875,6.490787439015586,0.0,0.0,True,True,True,True,False,True,False,0.034323362171954246,False,56,0.034323362171954246,False,-0.1,-0.017731641383654514,3.6189999999999998,-0.05,0.0022862144009199448,0.08424763993901593,0.0001926081676720965,0.03660956722771919,10
Feasibility-aware BO,0.5765402305103677,0.5047647743037704,0.0020069924172783572,0.03425652550495886,0.00194528515053906,0.0,0.22059569609756952,12.567574652962557,12.567574652962557,0.0008446358737129592,12.567574652962557,0.0,0.0,6.019,0.0033661907595740185,0.33661907595740187,7.277330702724225,0.0,0.0,True,True,True,True,False,True,False,0.03425652550495886,False,57,0.03425652550495886,False,-0.1,-0.01663380924042598,4.019,-0.05,0.002353011756855157,0.08154595844665809,0.0001918785989490086,0.03660956722771919,10
Feasibility-aware BO,0.7712584265613527,0.5009550152294343,0.0027556592188611962,0.034312499257435944,0.001966890747356352,0.0,0.22088243206014754,12.531631454221692,12.531631454221692,0.0011296444209390154,12.531631454221692,0.0,0.0,6.908,0.006750059554269582,0.6750059554269582,9.726495512314525,0.0,0.0,True,True,True,True,False,True,False,0.034312499257435944,False,58,0.034312499257435944,False,-0.1,-0.01324994044573042,4.908,-0.05,0.002297084370838698,0.0787842050195874,0.0001809739660194459,0.03660956722771919,10
Feasibility-aware BO,0.7596443221511551,0.5079921019394033,0.009310406901265845,0.03433106420992177,0.0019011703523573104,0.0,0.22126907999004924,12.538789719848472,12.538789719848472,0.0011126548524822563,12.538789719848472,0.0,0.0,6.737,0.006081669201253004,0.6081669201253004,9.577919159588989,0.0,0.0,True,True,True,True,False,True,False,0.03433106420992177,False,59,0.03433106420992177,False,-0.1,-0.013918330798746995,4.737,-0.05,0.002278287203324597,0.07628402486059772,0.00017379691765799523,0.03660956722771919,10
Feasibility-aware BO,0.6530089240576944,0.5074503420860716,0.006265312752878331,0.03428393866129449,0.0019129090918438276,0.0,0.2209079547079213,12.557030628048139,12.557030628048139,0.0009565690342822848,12.557030628048139,0.0,0.0,6.307,0.004374519839443067,0.4374519839443067,8.234306317437232,0.0,0.0,True,True,True,True,False,True,False,0.03428393866129449,False,60,0.03428393866129449,False,-0.1,-0.015625480160556933,4.307,-0.05,0.0023256053189920772,0.07379014999545172,0.00017160676531864573,0.03660956722771919,10
Feasibility-aware BO,0.41620125906849903,0.5068488281889041,0.0067786760718681754,0.03431474172326914,0.0019560908373554287,0.0,0.22094058147237255,12.5878966513537,12.5878966513537,0.000609946572057104,12.5878966513537,0.0,0.0,5.206,0.0013405652961163113,0.13405652961163114,5.9952332793190735,0.0,0.0,True,True,True,True,False,True,False,0.03431474172326914,False,61,0.03431474172326914,False,-0.1,-0.01865943470388369,3.2060000000000004,-0.05,0.002294845765334945,0.07130468381767516,0.000163633251707539,0.03660956722771919,10
Feasibility-aware BO,0.5217327172074682,0.5005280978345297,0.006334342194155751,0.03422104251304139,0.001982320771634902,0.0,0.2202110003337363,12.574400046355434,12.574400046355434,0.000764406479624338,12.574400046355434,0.0,0.0,5.8020000000000005,0.002700981974866284,0.2700981974866284,6.5812043341855775,0.0,0.0,True,True,True,True,False,True,False,0.03422104251304139,False,62,0.03422104251304139,False,-0.1,-0.017299018025133717,3.8020000000000005,-0.05,0.0023885220516511735,0.06938643918320721,0.00016573104007464346,0.03660956722771919,10
Feasibility-aware BO,0.5057095231265114,0.5015920936296958,0.006475210170425424,0.034232249647458565,0.0019761793994109863,0.0,0.22031028005207984,12.576847997648873,12.576847997648873,0.0007409544681628279,12.576847997648873,0.0,0.0,5.712,0.00245868681717685,0.245868681717685,6.3794071968577795,0.0,0.0,True,True,True,True,False,True,False,0.034232249647458565,False,63,0.034232249647458565,False,-0.1,-0.017541313182823152,3.7119999999999997,-0.05,0.0023773204801348924,0.06716101664039821,0.00015966326032589896,0.03660956722771919,10
Feasibility-aware BO,0.5748526826287157,0.502063034263683,0.007613529552459931,0.03422705489726645,0.0019610726653512237,0.0,0.22033607532037144,12.56741506537475,12.56741506537475,0.0008421618110702242,12.56741506537475,0.0,0.0,6.025,0.0033820557367946432,0.3382055736794643,7.24946979535354,0.0,0.0,True,True,True,True,False,True,False,0.03422705489726645,False,64,0.03422705489726645,False,-0.1,-0.016617944263205356,4.025,-0.05,0.002382547855059952,0.06505004263406412,0.00015498483954934792,0.03660956722771919,10
Feasibility-aware BO,0.7677671648032982,0.5059419459153247,0.0018772315761452752,0.03434856730366868,0.001927617732038748,0.0,0.22127997776296957,12.535175164098792,12.535175164098792,0.0011245414691607657,12.535175164098792,0.0,0.0,6.824,0.006419416066649541,0.641941606664954,9.683641033835851,0.0,0.0,True,True,True,True,False,True,False,0.03434856730366868,False,65,0.03434856730366868,False,-0.1,-0.01358058393335046,4.824,-0.05,0.0022610189693550373,0.06292053447928475,0.0001422645220196205,0.03660956722771919,10
Feasibility-aware BO,0.7065183729988704,0.5182025009236693,0.008949439187525821,0.03437498340960388,0.0018247185439152042,0.0,0.2218676818883651,12.553242294016647,12.553242294016647,0.001034907954447605,12.553242294016647,0.0,0.0,6.38,0.0047252481964317585,0.47252481964317583,8.908660851297405,0.0,0.0,True,True,True,True,False,True,False,0.03437498340960388,False,66,0.03437498340960388,False,-0.1,-0.015274751803568243,4.38,-0.05,0.0022344192834111015,0.060974559760198985,0.0001362427321256912,0.03660956722771919,10
Feasibility-aware BO,0.5616747674511999,0.5036030521315549,0.005410170462431625,0.03424151501736206,0.0019524666328358878,0.0,0.22046690025107024,12.569690408431512,12.569690408431512,0.0008228752056299527,12.569690408431512,0.0,0.0,5.953,0.003160799506712128,0.3160799506712128,7.084878369024838,0.0,0.0,True,True,True,True,False,True,False,0.03424151501736206,False,67,0.03424151501736206,False,-0.1,-0.01683920049328787,3.9530000000000003,-0.05,0.0023680496083923475,0.05898175924583461,0.00013967173188439037,0.03660956722771919,10
Feasibility-aware BO,0.550649227215049,0.5128056124354456,0.0029182452416314886,0.03431223367940162,0.0018836737430093062,0.0,0.22121352955730691,12.573930960918561,12.573930960918561,0.0008067503036309919,12.573930960918561,0.0,0.0,5.796,0.002742782396052201,0.27427823960522013,6.948843496540696,0.0,0.0,True,True,True,True,False,True,False,0.03431223367940162,False,68,0.03431223367940162,False,-0.1,-0.0172572176039478,3.7960000000000003,-0.05,0.0022973319724980193,0.057089864079441624,0.00013115437005526743,0.03660956722771919,10
Feasibility-aware BO,0.5912684238401916,0.514872718003147,0.0028356294059101107,0.034329786879913865,0.001863673708922313,0.0,0.2214105510304032,12.569035337009385,12.569035337009385,0.0008662087113164913,12.569035337009385,0.0,0.0,5.953,0.0032197437892047087,0.32197437892047087,7.460153307488488,0.0,0.0,True,True,True,True,False,True,False,0.034329786879913865,False,69,0.034329786879913865,False,-0.1,-0.01678025621079529,3.9530000000000003,-0.05,0.002279779239549487,0.055306609250990534,0.00012608685958028382,0.03660956722771919,10
Feasibility-aware BO,0.7054621122141922,0.5258431247694295,0.004925652982405329,0.0344391649606555,0.0017741968325770002,0.0,0.2224976457407287,12.556309947106639,12.556309947106639,0.0010333730616524585,12.556309947106639,0.0,0.0,6.289,0.004431761122257721,0.4431761122257721,8.896254274605047,0.0,0.0,True,True,True,True,False,True,False,0.0344391649606555,False,70,0.0344391649606555,False,-0.1,-0.01556823887774228,4.289,-0.05,0.002170409323460902,0.05354358589380495,0.0001162114980354439,0.03660956722771919,10
Feasibility-aware BO,0.5146454503448286,0.5065116598862125,0.009515296179961807,0.03426348863804141,0.0019318748784379531,0.0,0.22069575807319097,12.577346745764405,12.577346745764405,0.0007540414197824267,12.577346745764405,0.0,0.0,5.681,0.002407130091596298,0.24071300915962981,6.490914721259405,0.0,0.0,True,True,True,True,False,True,False,0.03426348863804141,False,71,0.03426348863804141,False,-0.1,-0.017592869908403704,3.681,-0.05,0.0023460787855000623,0.05181427386192066,0.00012156036869354245,0.03660956722771919,10
Feasibility-aware BO,0.7105652695019979,0.5003343250038367,0.004571590445096288,0.03426273420581849,0.001970541835497447,0.0,0.22053606069680018,12.54318898501704,12.54318898501704,0.001040805348739512,12.54318898501704,0.0,0.0,6.658,0.005681045671747926,0.5681045671747926,8.960232604043997,0.0,0.0,True,True,True,True,False,True,False,0.03426273420581849,False,72,0.03426273420581849,False,-0.1,-0.014318954328252073,4.658,-0.05,0.0023467428763753115,0.05025018907004683,0.00011792427323664493,0.03660956722771919,10
Feasibility-aware BO,0.49551346487718073,0.5180565212689585,0.007386125226022008,0.034354088904238154,0.001848482527501164,0.0,0.22163332925158308,12.58225749684409,12.58225749684409,0.0007260543300594107,12.58225749684409,0.0,0.0,5.461,0.001913112416494791,0.1913112416494791,6.250801807751787,0.0,0.0,True,True,True,True,False,True,False,0.034354088904238154,False,73,0.034354088904238154,False,-0.1,-0.01808688758350521,3.4610000000000003,-0.05,0.002255474896855257,0.04869574778068984,0.00010983203670294102,0.03660956722771919,10
Feasibility-aware BO,0.6767952125660275,0.5171918930044224,0.004780096962519798,0.03436612964516565,0.0018385293436748845,0.0,0.22175341359307152,12.557186159990385,12.557186159990385,0.0009913999067519101,12.557186159990385,0.0,0.0,6.284,0.0043540752605684945,0.43540752605684946,8.535242438898129,0.0,0.0,True,True,True,True,False,True,False,0.03436612964516565,False,74,0.03436612964516565,False,-0.1,-0.015645924739431508,4.284,-0.05,0.0022434730437472863,0.04733300204753027,0.00010619031417326927,0.03660956722771919,10
Feasibility-aware BO,0.3832011578482403,0.5075505183852256,0.005588869400943612,0.03434741035662779,0.0019633740544586836,0.0,0.22112923949301724,12.590711919946983,12.590711919946983,0.0005616444866359715,12.590711919946983,0.0,0.0,5.034,0.001046754315083831,0.1046754315083831,5.996366477604588,0.0,0.0,True,True,True,True,False,True,False,0.03434741035662779,False,75,0.03434741035662779,False,-0.1,-0.01895324568491617,3.034,-0.05,0.0022621829528506054,0.0458260595072925,0.00010366693061371451,0.03660956722771919,10
Feasibility-aware BO,0.4870939886491874,0.5065236911695687,0.004474262280655323,0.03427558281576721,0.0019416270671546126,0.0,0.2207373771698296,12.580273988092163,12.580273988092163,0.0007137136412738664,12.580273988092163,0.0,0.0,5.57,0.0021159146074911828,0.21159146074911828,6.146607304835747,0.0,0.0,True,True,True,True,False,True,False,0.03427558281576721,False,76,0.03427558281576721,False,-0.1,-0.017884085392508818,3.5700000000000003,-0.05,0.0023339822565403776,0.04481319042789583,0.00010459319131767396,0.03660956722771919,10
Feasibility-aware BO,0.689909241416774,0.5181657146154875,0.001480184980807049,0.03438832167896505,0.0018349721318253389,0.0,0.22191558933246566,12.555135487732104,12.555135487732104,0.0010105966796750505,12.555135487732104,0.0,0.0,6.337,0.00454828390699476,0.454828390699476,8.70556993495208,0.0,0.0,True,True,True,True,False,True,False,0.03438832167896505,False,77,0.03438832167896505,False,-0.1,-0.01545171609300524,4.337,-0.05,0.0022212964136495775,0.04352480340774521,9.668148971442735e-05,0.03660956722771919,10
Feasibility-aware BO,0.6445788376050542,0.5016631378102943,0.002324834672501005,0.034248892435049194,0.0019651584379468414,0.0,0.2204653158152073,12.555437335053702,12.555437335053702,0.000944221225056028,12.555437335053702,0.0,0.0,6.362,0.004530146629775743,0.4530146629775743,8.131755454023253,0.0,0.0,True,True,True,True,False,True,False,0.034248892435049194,False,78,0.034248892435049194,False,-0.1,-0.015469853370224256,4.362,-0.05,0.0023606976785295677,0.04216015164904155,9.952737212434692e-05,0.03660956722771919,10
Feasibility-aware BO,0.5464197047911844,0.5090105496503915,0.0004974235898909607,0.034288563171127565,0.0019163675722960007,0.0,0.2209249508516664,12.573121428847433,12.573121428847433,0.000800553885945614,12.573121428847433,0.0,0.0,5.833,0.0028240487123758627,0.2824048712375863,6.91132945907513,0.0,0.0,True,True,True,True,False,True,False,0.034288563171127565,False,79,0.034288563171127565,False,-0.1,-0.017175951287624138,3.833,-0.05,0.0023210156146875743,0.04084361637876235,9.479867137541657e-05,0.03660956722771919,10
Feasibility-aware BO,0.6288078032746536,0.5152492241201074,0.000989071033079969,0.03434478771186953,0.0018602313799944655,0.0,0.22152432589248566,12.563492713378581,12.563492713378581,0.0009211566353379101,12.563492713378581,0.0,0.0,6.118,0.0037545218279235984,0.37545218279235987,7.940364977083764,0.0,0.0,True,True,True,True,False,True,False,0.03434478771186953,False,80,0.03434478771186953,False,-0.1,-0.016245478172076402,4.118,-0.05,0.0022648409586345716,0.03960570996839677,8.970063413222655e-05,0.03660956722771919,10
